991001,Mary,Goodman,HR Admin,Admin Clerk,3/12/2012,"55,000",MARRIED,HIGH SCHOOL
991002,Tim,Cook,HR Admin,HR Manager,3/13/2012,"56,000",MARRIED,HIGH SCHOOL
991003,Eric,HANSON,HR Admin,HR Director,3/14/2012,"57,000",MARRIED,HIGH SCHOOL
991005,Joe,Waren,Sales Marketing,Sales representive,3/16/2012,"59,000",MARRIED,HIGH SCHOOL
991011,Dan,Zen,Sales Marketing,Sales representive,3/22/2012,"65,000",MARRIED,HIGH SCHOOL
991013,Victor,Lee,Sales Marketing,Sales manager,3/24/2012,"67,000",MARRIED,DIPLOMA
991014,Micheal,Waye,Sales Marketing,Sales manager,3/25/2012,"68,000",MARRIED,DIPLOMA
991016,Fiona,Olga,Technical Engineering,Technical Engineer,3/27/2012,"70,000",MARRIED,DIPLOMA
991017,Susan,Library,Technical Engineering,Technical Engineer,3/28/2012,"71,000",MARRIED,DIPLOMA
991018,Tina,Waren,Technical Engineering,Technical Engineer,3/29/2012,"72,000",DIVORCED,DIPLOMA
991019,Doris,Blake,Technical Engineering,Technical Engineer,3/30/2012,"73,000",DIVORCED,DIPLOMA
991025,Justine,Woods,Project Management,Project Coodinator,4/5/2012,"79,000",SINGLE,MASTER
991026,George,Cook,Project Management,Project Coodinator,4/6/2012,"80,000",SINGLE,MASTER
